<preset>

<settings>
<intro></intro>
<comments>0</comments>
<requiredentries>0</requiredentries>
<requiredentriestoview>0</requiredentriestoview>
<maxentries>0</maxentries>
<rssarticles>0</rssarticles>
<approval>0</approval>
<manageapproved>1</manageapproved>
<defaultsortdir>0</defaultsortdir>
<defaultsort>0</defaultsort>
</settings>

<field>
<type>radiobutton</type>
<name>Farbe</name>
<required>0</required>
<param1>white
yellow
pink
blue
green</param1>
</field>

<field>
<type>textarea</type>
<name>Idee</name>
<required>0</required>
<param2>20</param2>
<param3>15</param3>
<param4>1</param4>
<param5>0</param5>
</field>

<field>
<type>radiobutton</type>
<name>Einklappen</name>
<required>0</required>
<param1>yes
no</param1>
</field>

<field>
<type>text</type>
<name>ID</name>
<required>0</required>
</field>

<field>
<type>text</type>
<name>Whiteboard</name>
<required>0</required>
</field>

</preset>